id,age,sex,cp,treshbps,chol,fbs,restecg,thalach,exang,oldpeak,slope,ca,thal,num
38,55.0,1.0,4.0,132.0,353.0,0.0,0.0,132.0,1.0,1.2,2.0,1.0,7.0,3
236,56.0,1.0,4.0,130.0,283.0,1.0,2.0,103.0,1.0,1.6,3.0,0.0,7.0,2
279,58.0,0.0,4.0,130.0,197.0,0.0,0.0,131.0,0.0,0.6,2.0,0.0,3.0,0
133,51.0,1.0,4.0,140.0,261.0,0.0,2.0,186.0,1.0,0.0,1.0,0.0,3.0,0
152,67.0,0.0,3.0,115.0,564.0,0.0,2.0,160.0,0.0,1.6,2.0,0.0,7.0,0
77,51.0,0.0,3.0,140.0,308.0,0.0,2.0,142.0,0.0,1.5,1.0,1.0,3.0,0
301,57.0,0.0,2.0,130.0,236.0,0.0,2.0,174.0,0.0,0.0,2.0,1.0,3.0,1
22,58.0,1.0,2.0,120.0,284.0,0.0,2.0,160.0,0.0,1.8,2.0,0.0,3.0,1
24,60.0,1.0,4.0,130.0,206.0,0.0,2.0,132.0,1.0,2.4,2.0,2.0,7.0,4
94,63.0,0.0,3.0,135.0,252.0,0.0,2.0,172.0,0.0,0.0,1.0,0.0,3.0,0
30,69.0,0.0,1.0,140.0,239.0,0.0,0.0,151.0,0.0,1.8,1.0,2.0,3.0,0
230,52.0,0.0,3.0,136.0,196.0,0.0,2.0,169.0,0.0,0.1,2.0,0.0,3.0,0
0,63.0,1.0,1.0,145.0,233.0,1.0,2.0,150.0,0.0,2.3,3.0,0.0,6.0,0
229,66.0,1.0,4.0,112.0,212.0,0.0,2.0,132.0,1.0,0.1,1.0,1.0,3.0,2
56,50.0,1.0,3.0,140.0,233.0,0.0,0.0,163.0,0.0,0.6,2.0,1.0,7.0,1
251,58.0,1.0,4.0,146.0,218.0,0.0,0.0,105.0,0.0,2.0,2.0,1.0,7.0,1
191,51.0,1.0,4.0,140.0,298.0,0.0,0.0,122.0,1.0,4.2,2.0,3.0,7.0,3
250,57.0,1.0,4.0,110.0,201.0,0.0,0.0,126.0,1.0,1.5,2.0,0.0,6.0,0
88,53.0,0.0,4.0,138.0,234.0,0.0,2.0,160.0,0.0,0.0,1.0,0.0,3.0,0
110,61.0,0.0,4.0,145.0,307.0,0.0,2.0,146.0,1.0,1.0,2.0,0.0,7.0,1
167,54.0,0.0,2.0,132.0,288.0,1.0,2.0,159.0,1.0,0.0,1.0,1.0,3.0,0
67,54.0,1.0,3.0,150.0,232.0,0.0,2.0,165.0,0.0,1.6,1.0,0.0,7.0,0
297,57.0,0.0,4.0,140.0,241.0,0.0,0.0,123.0,1.0,0.2,2.0,0.0,7.0,1
262,60.0,0.0,1.0,150.0,240.0,0.0,0.0,171.0,0.0,0.9,1.0,0.0,3.0,0
93,44.0,0.0,3.0,108.0,141.0,0.0,0.0,175.0,0.0,0.6,2.0,0.0,3.0,0
275,64.0,1.0,1.0,170.0,227.0,0.0,2.0,155.0,0.0,0.6,2.0,0.0,7.0,0
59,51.0,1.0,1.0,125.0,213.0,0.0,2.0,125.0,1.0,1.4,1.0,1.0,3.0,0
23,58.0,1.0,3.0,132.0,224.0,0.0,2.0,173.0,0.0,3.2,1.0,2.0,7.0,3
128,44.0,1.0,2.0,120.0,220.0,0.0,0.0,170.0,0.0,0.0,1.0,0.0,3.0,0
181,56.0,0.0,4.0,134.0,409.0,0.0,2.0,150.0,1.0,1.9,2.0,2.0,7.0,2
104,49.0,1.0,3.0,120.0,188.0,0.0,0.0,139.0,0.0,2.0,2.0,3.0,7.0,3
283,35.0,1.0,2.0,122.0,192.0,0.0,0.0,174.0,0.0,0.0,1.0,0.0,3.0,0
294,63.0,0.0,4.0,124.0,197.0,0.0,0.0,136.0,1.0,0.0,2.0,0.0,3.0,1
79,58.0,1.0,4.0,150.0,270.0,0.0,2.0,111.0,1.0,0.8,1.0,0.0,7.0,3
76,60.0,1.0,4.0,125.0,258.0,0.0,2.0,141.0,1.0,2.8,2.0,1.0,7.0,1
189,69.0,1.0,3.0,140.0,254.0,0.0,2.0,146.0,0.0,2.0,2.0,3.0,7.0,2
31,60.0,1.0,4.0,117.0,230.0,1.0,0.0,160.0,1.0,1.4,1.0,2.0,7.0,2
113,43.0,0.0,4.0,132.0,341.0,1.0,2.0,136.0,1.0,3.0,2.0,0.0,7.0,2
82,39.0,1.0,3.0,140.0,321.0,0.0,2.0,182.0,0.0,0.0,1.0,0.0,3.0,0
87,53.0,0.0,3.0,128.0,216.0,0.0,2.0,115.0,0.0,0.0,1.0,0.0,?,0
90,66.0,1.0,4.0,120.0,302.0,0.0,2.0,151.0,0.0,0.4,2.0,0.0,3.0,0
29,40.0,1.0,4.0,110.0,167.0,0.0,2.0,114.0,1.0,2.0,2.0,0.0,7.0,3
118,63.0,1.0,4.0,130.0,330.0,1.0,2.0,132.0,1.0,1.8,1.0,3.0,7.0,3
53,44.0,1.0,2.0,130.0,219.0,0.0,2.0,188.0,0.0,0.0,1.0,0.0,3.0,0
134,43.0,0.0,3.0,122.0,213.0,0.0,0.0,165.0,0.0,0.2,2.0,0.0,3.0,0
242,49.0,0.0,4.0,130.0,269.0,0.0,0.0,163.0,0.0,0.0,1.0,0.0,3.0,0
192,43.0,1.0,4.0,132.0,247.0,1.0,2.0,143.0,1.0,0.1,2.0,?,7.0,1
233,74.0,0.0,2.0,120.0,269.0,0.0,2.0,121.0,1.0,0.2,1.0,1.0,3.0,0
185,63.0,0.0,2.0,140.0,195.0,0.0,0.0,179.0,0.0,0.0,1.0,2.0,3.0,0
169,45.0,0.0,2.0,112.0,160.0,0.0,0.0,138.0,0.0,0.0,2.0,0.0,3.0,0
18,48.0,0.0,3.0,130.0,275.0,0.0,0.0,139.0,0.0,0.2,1.0,0.0,3.0,0
26,58.0,0.0,3.0,120.0,340.0,0.0,0.0,172.0,0.0,0.0,1.0,0.0,3.0,0
146,57.0,1.0,4.0,165.0,289.0,1.0,2.0,124.0,0.0,1.0,2.0,3.0,7.0,4
65,60.0,1.0,4.0,145.0,282.0,0.0,2.0,142.0,1.0,2.8,2.0,2.0,7.0,2
42,71.0,0.0,2.0,160.0,302.0,0.0,0.0,162.0,0.0,0.4,1.0,2.0,3.0,0
198,50.0,0.0,2.0,120.0,244.0,0.0,0.0,162.0,0.0,1.1,1.0,0.0,3.0,0
277,39.0,0.0,3.0,138.0,220.0,0.0,0.0,152.0,0.0,0.0,2.0,0.0,3.0,0
107,57.0,1.0,3.0,128.0,229.0,0.0,2.0,150.0,0.0,0.4,2.0,1.0,7.0,1
238,49.0,0.0,2.0,134.0,271.0,0.0,0.0,162.0,0.0,0.0,2.0,0.0,3.0,0
32,64.0,1.0,3.0,140.0,335.0,0.0,0.0,158.0,0.0,0.0,1.0,0.0,3.0,1
15,57.0,1.0,3.0,150.0,168.0,0.0,0.0,174.0,0.0,1.6,1.0,0.0,3.0,0
302,38.0,1.0,3.0,138.0,175.0,0.0,0.0,173.0,0.0,0.0,1.0,?,3.0,0
193,62.0,0.0,4.0,138.0,294.0,1.0,0.0,106.0,0.0,1.9,2.0,3.0,3.0,2
271,66.0,1.0,4.0,160.0,228.0,0.0,2.0,138.0,0.0,2.3,1.0,0.0,6.0,0
261,58.0,0.0,2.0,136.0,319.0,1.0,2.0,152.0,0.0,0.0,1.0,2.0,3.0,3
101,34.0,1.0,1.0,118.0,182.0,0.0,2.0,174.0,0.0,0.0,1.0,0.0,3.0,0
209,62.0,0.0,4.0,150.0,244.0,0.0,0.0,154.0,1.0,1.4,2.0,0.0,3.0,1
197,45.0,0.0,4.0,138.0,236.0,0.0,2.0,152.0,1.0,0.2,2.0,0.0,3.0,0
119,65.0,1.0,4.0,135.0,254.0,0.0,2.0,127.0,0.0,2.8,2.0,1.0,7.0,2
221,54.0,0.0,3.0,108.0,267.0,0.0,2.0,167.0,0.0,0.0,1.0,0.0,3.0,0
83,68.0,1.0,3.0,180.0,274.0,1.0,2.0,150.0,1.0,1.6,2.0,0.0,7.0,3
260,44.0,0.0,3.0,118.0,242.0,0.0,0.0,149.0,0.0,0.3,2.0,1.0,3.0,0
225,34.0,0.0,2.0,118.0,210.0,0.0,0.0,192.0,0.0,0.7,1.0,0.0,3.0,0
105,54.0,1.0,2.0,108.0,309.0,0.0,0.0,156.0,0.0,0.0,1.0,0.0,7.0,0
28,43.0,1.0,4.0,150.0,247.0,0.0,0.0,171.0,0.0,1.5,1.0,0.0,3.0,0
190,50.0,1.0,3.0,129.0,196.0,0.0,0.0,163.0,0.0,0.0,1.0,0.0,3.0,0
163,58.0,0.0,4.0,100.0,248.0,0.0,2.0,122.0,0.0,1.0,2.0,0.0,3.0,0
48,65.0,0.0,3.0,140.0,417.0,1.0,2.0,157.0,0.0,0.8,1.0,1.0,3.0,0
92,62.0,1.0,3.0,130.0,231.0,0.0,0.0,146.0,0.0,1.8,2.0,3.0,7.0,0
45,58.0,1.0,3.0,112.0,230.0,0.0,2.0,165.0,0.0,2.5,2.0,1.0,7.0,4
114,62.0,0.0,3.0,130.0,263.0,0.0,0.0,97.0,0.0,1.2,2.0,1.0,7.0,2
153,55.0,1.0,4.0,160.0,289.0,0.0,2.0,145.0,1.0,0.8,2.0,1.0,7.0,4
282,55.0,0.0,4.0,128.0,205.0,0.0,1.0,130.0,1.0,2.0,2.0,1.0,7.0,3
161,77.0,1.0,4.0,125.0,304.0,0.0,2.0,162.0,1.0,0.0,1.0,3.0,3.0,4
140,59.0,1.0,2.0,140.0,221.0,0.0,0.0,164.0,1.0,0.0,1.0,0.0,3.0,0
194,68.0,0.0,3.0,120.0,211.0,0.0,2.0,115.0,0.0,1.5,2.0,0.0,3.0,0
207,50.0,1.0,4.0,144.0,200.0,0.0,2.0,126.0,1.0,0.9,2.0,0.0,7.0,3
69,46.0,1.0,3.0,150.0,231.0,0.0,0.0,147.0,0.0,3.6,2.0,0.0,3.0,1
249,62.0,1.0,2.0,128.0,208.0,1.0,2.0,140.0,0.0,0.0,1.0,0.0,3.0,0
96,59.0,1.0,4.0,110.0,239.0,0.0,2.0,142.0,1.0,1.2,2.0,1.0,7.0,2
129,62.0,0.0,4.0,124.0,209.0,0.0,0.0,163.0,0.0,0.0,1.0,0.0,3.0,0
2,67.0,1.0,4.0,120.0,229.0,0.0,2.0,129.0,1.0,2.6,2.0,2.0,7.0,1
99,48.0,1.0,4.0,122.0,222.0,0.0,2.0,186.0,0.0,0.0,1.0,0.0,3.0,0
247,47.0,1.0,4.0,110.0,275.0,0.0,2.0,118.0,1.0,1.0,2.0,1.0,3.0,1
147,41.0,1.0,3.0,112.0,250.0,0.0,0.0,179.0,0.0,0.0,1.0,0.0,3.0,0
136,70.0,1.0,4.0,145.0,174.0,0.0,0.0,125.0,1.0,2.6,3.0,0.0,7.0,4
123,55.0,1.0,4.0,140.0,217.0,0.0,0.0,111.0,1.0,5.6,3.0,0.0,7.0,3
115,41.0,1.0,2.0,135.0,203.0,0.0,0.0,132.0,0.0,0.0,2.0,0.0,6.0,0
52,44.0,1.0,4.0,112.0,290.0,0.0,2.0,153.0,0.0,0.0,1.0,1.0,3.0,2
108,61.0,1.0,4.0,120.0,260.0,0.0,0.0,140.0,1.0,3.6,2.0,1.0,7.0,2
86,47.0,1.0,3.0,138.0,257.0,0.0,2.0,156.0,0.0,0.0,1.0,0.0,3.0,0
3,37.0,1.0,3.0,130.0,250.0,0.0,0.0,187.0,0.0,3.5,3.0,0.0,3.0,0
49,53.0,1.0,3.0,130.0,197.0,1.0,2.0,152.0,0.0,1.2,3.0,0.0,3.0,0
73,65.0,1.0,4.0,110.0,248.0,0.0,2.0,158.0,0.0,0.6,1.0,2.0,6.0,1
11,56.0,0.0,2.0,140.0,294.0,0.0,2.0,153.0,0.0,1.3,2.0,0.0,3.0,0
4,41.0,0.0,2.0,130.0,204.0,0.0,2.0,172.0,0.0,1.4,1.0,0.0,3.0,0
171,53.0,1.0,4.0,142.0,226.0,0.0,2.0,111.0,1.0,0.0,1.0,0.0,7.0,0
235,54.0,1.0,4.0,122.0,286.0,0.0,2.0,116.0,1.0,3.2,2.0,2.0,3.0,3
278,57.0,1.0,2.0,154.0,232.0,0.0,2.0,164.0,0.0,0.0,1.0,1.0,3.0,1
273,71.0,0.0,4.0,112.0,149.0,0.0,0.0,125.0,0.0,1.6,2.0,0.0,3.0,0
259,57.0,1.0,2.0,124.0,261.0,0.0,0.0,141.0,0.0,0.3,1.0,0.0,7.0,1
199,59.0,1.0,1.0,160.0,273.0,0.0,2.0,125.0,0.0,0.0,1.0,0.0,3.0,1
97,60.0,0.0,4.0,150.0,258.0,0.0,2.0,157.0,0.0,2.6,2.0,2.0,7.0,3
103,71.0,0.0,3.0,110.0,265.0,1.0,2.0,130.0,0.0,0.0,1.0,1.0,3.0,0
246,58.0,1.0,4.0,100.0,234.0,0.0,0.0,156.0,0.0,0.1,1.0,1.0,7.0,2
141,59.0,1.0,1.0,170.0,288.0,0.0,2.0,159.0,0.0,0.2,2.0,0.0,7.0,1
81,53.0,0.0,4.0,130.0,264.0,0.0,2.0,143.0,0.0,0.4,2.0,0.0,3.0,0
156,51.0,1.0,4.0,140.0,299.0,0.0,0.0,173.0,1.0,1.6,1.0,0.0,7.0,1
224,63.0,0.0,4.0,108.0,269.0,0.0,0.0,169.0,1.0,1.8,2.0,2.0,3.0,1
254,43.0,1.0,4.0,115.0,303.0,0.0,0.0,181.0,0.0,1.2,2.0,0.0,3.0,0
293,63.0,1.0,4.0,140.0,187.0,0.0,2.0,144.0,1.0,4.0,1.0,2.0,7.0,2
180,48.0,1.0,4.0,124.0,274.0,0.0,2.0,166.0,0.0,0.5,2.0,0.0,7.0,3
257,76.0,0.0,3.0,140.0,197.0,0.0,1.0,116.0,0.0,1.1,2.0,0.0,3.0,0
241,41.0,0.0,2.0,126.0,306.0,0.0,0.0,163.0,0.0,0.0,1.0,0.0,3.0,0
291,55.0,0.0,2.0,132.0,342.0,0.0,0.0,166.0,0.0,1.2,1.0,0.0,3.0,0
16,48.0,1.0,2.0,110.0,229.0,0.0,0.0,168.0,0.0,1.0,3.0,0.0,7.0,1
175,57.0,1.0,4.0,152.0,274.0,0.0,0.0,88.0,1.0,1.2,2.0,1.0,7.0,1
68,59.0,1.0,4.0,170.0,326.0,0.0,2.0,140.0,1.0,3.4,3.0,0.0,7.0,2
95,52.0,1.0,4.0,128.0,255.0,0.0,0.0,161.0,1.0,0.0,1.0,1.0,7.0,1
122,51.0,1.0,3.0,100.0,222.0,0.0,0.0,143.0,1.0,1.2,2.0,0.0,3.0,0
253,51.0,0.0,3.0,120.0,295.0,0.0,2.0,157.0,0.0,0.6,1.0,0.0,3.0,0
25,50.0,0.0,3.0,120.0,219.0,0.0,0.0,158.0,0.0,1.6,2.0,0.0,3.0,0
184,60.0,0.0,4.0,158.0,305.0,0.0,2.0,161.0,0.0,0.0,1.0,0.0,3.0,1
58,54.0,1.0,3.0,125.0,273.0,0.0,2.0,152.0,0.0,0.5,3.0,1.0,3.0,0
50,41.0,0.0,2.0,105.0,198.0,0.0,0.0,168.0,0.0,0.0,1.0,1.0,3.0,0
46,51.0,1.0,3.0,110.0,175.0,0.0,0.0,123.0,0.0,0.6,1.0,0.0,3.0,0
111,56.0,1.0,4.0,125.0,249.0,1.0,2.0,144.0,1.0,1.2,2.0,1.0,3.0,1
89,51.0,0.0,3.0,130.0,256.0,0.0,2.0,149.0,0.0,0.5,1.0,0.0,3.0,0
10,57.0,1.0,4.0,140.0,192.0,0.0,0.0,148.0,0.0,0.4,2.0,0.0,6.0,0
202,57.0,1.0,3.0,150.0,126.0,1.0,0.0,173.0,0.0,0.2,1.0,1.0,7.0,0
287,58.0,1.0,2.0,125.0,220.0,0.0,0.0,144.0,0.0,0.4,2.0,?,7.0,0
285,58.0,1.0,4.0,114.0,318.0,0.0,1.0,140.0,0.0,4.4,3.0,3.0,6.0,4
265,42.0,1.0,4.0,136.0,315.0,0.0,0.0,125.0,1.0,1.8,2.0,0.0,6.0,2
12,56.0,1.0,3.0,130.0,256.0,1.0,2.0,142.0,1.0,0.6,2.0,1.0,6.0,2
34,44.0,1.0,3.0,130.0,233.0,0.0,0.0,179.0,1.0,0.4,1.0,0.0,3.0,0
280,57.0,1.0,4.0,110.0,335.0,0.0,0.0,143.0,1.0,3.0,2.0,1.0,7.0,2
14,52.0,1.0,3.0,172.0,199.0,1.0,0.0,162.0,0.0,0.5,1.0,0.0,7.0,0
109,39.0,1.0,4.0,118.0,219.0,0.0,0.0,140.0,0.0,1.2,2.0,0.0,7.0,3
176,52.0,1.0,4.0,108.0,233.0,1.0,0.0,147.0,0.0,0.1,1.0,3.0,7.0,0
39,61.0,1.0,3.0,150.0,243.0,1.0,0.0,137.0,1.0,1.0,2.0,0.0,3.0,0
300,57.0,1.0,4.0,130.0,131.0,0.0,0.0,115.0,1.0,1.2,2.0,1.0,7.0,3
168,35.0,1.0,4.0,126.0,282.0,0.0,2.0,156.0,1.0,0.0,1.0,0.0,7.0,1
263,44.0,1.0,3.0,120.0,226.0,0.0,0.0,169.0,0.0,0.0,1.0,0.0,3.0,0
258,70.0,1.0,2.0,156.0,245.0,0.0,2.0,143.0,0.0,0.0,1.0,0.0,3.0,0
62,58.0,1.0,4.0,128.0,216.0,0.0,2.0,131.0,1.0,2.2,2.0,3.0,7.0,1
78,48.0,1.0,2.0,130.0,245.0,0.0,2.0,180.0,0.0,0.2,2.0,0.0,3.0,0
217,46.0,0.0,4.0,138.0,243.0,0.0,2.0,152.0,1.0,0.0,2.0,0.0,3.0,0
151,42.0,0.0,4.0,102.0,265.0,0.0,2.0,122.0,0.0,0.6,2.0,0.0,3.0,0
245,67.0,1.0,4.0,120.0,237.0,0.0,0.0,71.0,0.0,1.0,2.0,0.0,3.0,2
206,58.0,1.0,4.0,128.0,259.0,0.0,2.0,130.0,1.0,3.0,2.0,2.0,7.0,3
91,62.0,0.0,4.0,160.0,164.0,0.0,2.0,145.0,0.0,6.2,3.0,3.0,7.0,3
266,52.0,1.0,4.0,128.0,204.0,1.0,0.0,156.0,1.0,1.0,2.0,0.0,?,2
239,42.0,1.0,2.0,120.0,295.0,0.0,0.0,162.0,0.0,0.0,1.0,0.0,3.0,0
216,46.0,0.0,2.0,105.0,204.0,0.0,0.0,172.0,0.0,0.0,1.0,0.0,3.0,0
255,42.0,0.0,3.0,120.0,209.0,0.0,0.0,173.0,0.0,0.0,2.0,0.0,3.0,0
183,59.0,1.0,1.0,178.0,270.0,0.0,2.0,145.0,0.0,4.2,3.0,0.0,7.0,0
98,52.0,1.0,2.0,134.0,201.0,0.0,0.0,158.0,0.0,0.8,1.0,1.0,3.0,0
71,67.0,1.0,4.0,125.0,254.0,1.0,0.0,163.0,0.0,0.2,2.0,2.0,7.0,3
132,29.0,1.0,2.0,130.0,204.0,0.0,2.0,202.0,0.0,0.0,1.0,0.0,3.0,0
158,60.0,1.0,4.0,140.0,293.0,0.0,2.0,170.0,0.0,1.2,2.0,2.0,7.0,2
227,67.0,0.0,3.0,152.0,277.0,0.0,0.0,172.0,0.0,0.0,1.0,1.0,3.0,0
200,50.0,0.0,4.0,110.0,254.0,0.0,2.0,159.0,0.0,0.0,1.0,0.0,3.0,0
298,45.0,1.0,1.0,110.0,264.0,0.0,0.0,132.0,0.0,1.2,2.0,0.0,7.0,1
222,39.0,0.0,3.0,94.0,199.0,0.0,0.0,179.0,0.0,0.0,1.0,0.0,3.0,0
213,66.0,0.0,4.0,178.0,228.0,1.0,0.0,165.0,1.0,1.0,2.0,2.0,7.0,3
150,52.0,1.0,1.0,152.0,298.0,1.0,0.0,178.0,0.0,1.2,2.0,0.0,7.0,0
288,56.0,1.0,2.0,130.0,221.0,0.0,2.0,163.0,0.0,0.0,1.0,0.0,7.0,0
64,54.0,1.0,4.0,120.0,188.0,0.0,0.0,113.0,0.0,1.4,2.0,1.0,7.0,2
61,46.0,0.0,3.0,142.0,177.0,0.0,2.0,160.0,1.0,1.4,3.0,0.0,3.0,0
35,42.0,1.0,4.0,140.0,226.0,0.0,0.0,178.0,0.0,0.0,1.0,0.0,3.0,0
286,58.0,0.0,4.0,170.0,225.0,1.0,2.0,146.0,1.0,2.8,2.0,2.0,6.0,2
187,66.0,1.0,2.0,160.0,246.0,0.0,0.0,120.0,1.0,0.0,2.0,3.0,6.0,2
33,59.0,1.0,4.0,135.0,234.0,0.0,0.0,161.0,0.0,0.5,2.0,0.0,7.0,0
157,58.0,1.0,4.0,125.0,300.0,0.0,2.0,171.0,0.0,0.0,1.0,2.0,7.0,1
188,54.0,1.0,2.0,192.0,283.0,0.0,2.0,195.0,0.0,0.0,1.0,1.0,7.0,1
57,41.0,1.0,4.0,110.0,172.0,0.0,2.0,158.0,0.0,0.0,1.0,0.0,7.0,1
121,63.0,0.0,4.0,150.0,407.0,0.0,2.0,154.0,0.0,4.0,2.0,3.0,7.0,4
143,64.0,1.0,3.0,125.0,309.0,0.0,0.0,131.0,1.0,1.8,2.0,0.0,7.0,1
54,60.0,1.0,4.0,130.0,253.0,0.0,0.0,144.0,1.0,1.4,1.0,1.0,7.0,1
144,58.0,1.0,3.0,105.0,240.0,0.0,2.0,154.0,1.0,0.6,2.0,0.0,7.0,0
164,48.0,1.0,3.0,124.0,255.0,1.0,0.0,175.0,0.0,0.0,1.0,2.0,3.0,0
74,44.0,1.0,4.0,110.0,197.0,0.0,2.0,177.0,0.0,0.0,1.0,1.0,3.0,1
37,57.0,1.0,4.0,150.0,276.0,0.0,2.0,112.0,1.0,0.6,2.0,1.0,6.0,1
231,55.0,0.0,4.0,180.0,327.0,0.0,1.0,117.0,1.0,3.4,2.0,0.0,3.0,2
80,45.0,1.0,4.0,104.0,208.0,0.0,2.0,148.0,1.0,3.0,2.0,0.0,3.0,0
211,38.0,1.0,1.0,120.0,231.0,0.0,0.0,182.0,1.0,3.8,2.0,0.0,7.0,4
243,61.0,1.0,1.0,134.0,234.0,0.0,0.0,145.0,0.0,2.6,2.0,2.0,3.0,2
63,54.0,0.0,3.0,135.0,304.0,1.0,0.0,170.0,0.0,0.0,1.0,0.0,3.0,0
292,44.0,1.0,4.0,120.0,169.0,0.0,0.0,144.0,1.0,2.8,3.0,0.0,6.0,2
165,57.0,1.0,4.0,132.0,207.0,0.0,0.0,168.0,1.0,0.0,1.0,0.0,7.0,0
66,60.0,1.0,3.0,140.0,185.0,0.0,2.0,155.0,0.0,3.0,2.0,0.0,3.0,1
47,50.0,1.0,4.0,150.0,243.0,0.0,2.0,128.0,0.0,2.6,2.0,0.0,7.0,4
85,44.0,1.0,3.0,140.0,235.0,0.0,2.0,180.0,0.0,0.0,1.0,0.0,3.0,0
137,62.0,1.0,2.0,120.0,281.0,0.0,2.0,103.0,0.0,1.4,2.0,1.0,7.0,3
106,59.0,1.0,4.0,140.0,177.0,0.0,0.0,162.0,1.0,0.0,1.0,1.0,7.0,2
135,55.0,0.0,2.0,135.0,250.0,0.0,2.0,161.0,0.0,1.4,2.0,0.0,3.0,0
126,56.0,0.0,4.0,200.0,288.0,1.0,2.0,133.0,1.0,4.0,3.0,2.0,7.0,3
19,49.0,1.0,2.0,130.0,266.0,0.0,0.0,171.0,0.0,0.6,1.0,0.0,3.0,0
179,53.0,1.0,3.0,130.0,246.0,1.0,2.0,173.0,0.0,0.0,1.0,3.0,3.0,0
166,52.0,1.0,3.0,138.0,223.0,0.0,0.0,169.0,0.0,0.0,1.0,?,3.0,0
160,46.0,1.0,2.0,101.0,197.0,1.0,0.0,156.0,0.0,0.0,1.0,0.0,7.0,0
75,65.0,0.0,3.0,160.0,360.0,0.0,2.0,151.0,0.0,0.8,1.0,0.0,3.0,0
284,61.0,1.0,4.0,148.0,203.0,0.0,0.0,161.0,0.0,0.0,1.0,1.0,7.0,2
36,43.0,1.0,4.0,120.0,177.0,0.0,2.0,120.0,1.0,2.5,2.0,0.0,7.0,3
125,45.0,0.0,2.0,130.0,234.0,0.0,2.0,175.0,0.0,0.6,2.0,0.0,3.0,0
44,61.0,0.0,4.0,130.0,330.0,0.0,2.0,169.0,0.0,0.0,1.0,0.0,3.0,1
117,35.0,0.0,4.0,138.0,183.0,0.0,0.0,182.0,0.0,1.4,1.0,0.0,3.0,0
248,52.0,1.0,4.0,125.0,212.0,0.0,0.0,168.0,0.0,1.0,1.0,2.0,7.0,3
139,51.0,1.0,3.0,125.0,245.0,1.0,2.0,166.0,0.0,2.4,2.0,0.0,3.0,0
204,43.0,1.0,4.0,110.0,211.0,0.0,0.0,161.0,0.0,0.0,1.0,0.0,7.0,0
159,68.0,1.0,3.0,118.0,277.0,0.0,0.0,151.0,0.0,1.0,1.0,1.0,7.0,0
155,70.0,1.0,4.0,130.0,322.0,0.0,2.0,109.0,0.0,2.4,2.0,3.0,3.0,1
186,42.0,1.0,3.0,120.0,240.0,1.0,0.0,194.0,0.0,0.8,3.0,0.0,7.0,0
51,65.0,1.0,4.0,120.0,177.0,0.0,0.0,140.0,0.0,0.4,1.0,0.0,7.0,0
178,43.0,1.0,3.0,130.0,315.0,0.0,0.0,162.0,0.0,1.9,1.0,1.0,3.0,0
142,52.0,1.0,2.0,128.0,205.0,1.0,0.0,184.0,0.0,0.0,1.0,0.0,3.0,0
9,53.0,1.0,4.0,140.0,203.0,1.0,2.0,155.0,1.0,3.1,3.0,0.0,7.0,1
212,41.0,1.0,3.0,130.0,214.0,0.0,2.0,168.0,0.0,2.0,2.0,0.0,3.0,0
296,59.0,1.0,4.0,164.0,176.0,1.0,2.0,90.0,0.0,1.0,2.0,2.0,6.0,3
220,41.0,0.0,3.0,112.0,268.0,0.0,2.0,172.0,1.0,0.0,1.0,0.0,3.0,0
112,52.0,1.0,1.0,118.0,186.0,0.0,2.0,190.0,0.0,0.0,2.0,0.0,6.0,0
276,66.0,0.0,3.0,146.0,278.0,0.0,2.0,152.0,0.0,0.0,2.0,1.0,3.0,0
218,64.0,0.0,4.0,130.0,303.0,0.0,0.0,122.0,0.0,2.0,2.0,2.0,3.0,0
240,41.0,1.0,2.0,110.0,235.0,0.0,0.0,153.0,0.0,0.0,1.0,0.0,3.0,0
60,51.0,0.0,4.0,130.0,305.0,0.0,0.0,142.0,1.0,1.2,2.0,0.0,7.0,2
130,54.0,1.0,3.0,120.0,258.0,0.0,2.0,147.0,0.0,0.4,2.0,0.0,7.0,0
201,64.0,0.0,4.0,180.0,325.0,0.0,0.0,154.0,1.0,0.0,1.0,0.0,3.0,0
210,37.0,0.0,3.0,120.0,215.0,0.0,0.0,170.0,0.0,0.0,1.0,0.0,3.0,0
223,53.0,1.0,4.0,123.0,282.0,0.0,0.0,95.0,1.0,2.0,2.0,2.0,7.0,3
21,58.0,0.0,1.0,150.0,283.0,1.0,2.0,162.0,0.0,1.0,1.0,0.0,3.0,0
154,64.0,1.0,4.0,120.0,246.0,0.0,2.0,96.0,1.0,2.2,3.0,1.0,3.0,3
40,65.0,0.0,4.0,150.0,225.0,0.0,2.0,114.0,0.0,1.0,2.0,3.0,7.0,4
162,54.0,0.0,3.0,110.0,214.0,0.0,0.0,158.0,0.0,1.6,2.0,0.0,3.0,0
100,45.0,1.0,4.0,115.0,260.0,0.0,2.0,185.0,0.0,0.0,1.0,0.0,3.0,0
5,56.0,1.0,2.0,120.0,236.0,0.0,0.0,178.0,0.0,0.8,1.0,0.0,3.0,0
174,64.0,1.0,4.0,145.0,212.0,0.0,2.0,132.0,0.0,2.0,2.0,2.0,6.0,4
228,54.0,1.0,4.0,110.0,206.0,0.0,2.0,108.0,1.0,0.0,2.0,1.0,3.0,3
290,67.0,1.0,3.0,152.0,212.0,0.0,2.0,150.0,0.0,0.8,2.0,0.0,7.0,1
232,49.0,1.0,3.0,118.0,149.0,0.0,2.0,126.0,0.0,0.8,1.0,3.0,3.0,1
172,59.0,0.0,4.0,174.0,249.0,0.0,0.0,143.0,1.0,0.0,2.0,0.0,3.0,1
116,58.0,1.0,3.0,140.0,211.0,1.0,2.0,165.0,0.0,0.0,1.0,0.0,3.0,0
270,61.0,1.0,4.0,140.0,207.0,0.0,2.0,138.0,1.0,1.9,1.0,1.0,7.0,1
268,40.0,1.0,4.0,152.0,223.0,0.0,0.0,181.0,0.0,0.0,1.0,0.0,7.0,1
226,47.0,1.0,4.0,112.0,204.0,0.0,0.0,143.0,0.0,0.1,1.0,0.0,3.0,0
295,41.0,1.0,2.0,120.0,157.0,0.0,0.0,182.0,0.0,0.0,1.0,0.0,3.0,0
196,69.0,1.0,1.0,160.0,234.0,1.0,2.0,131.0,0.0,0.1,2.0,1.0,3.0,0
219,59.0,1.0,4.0,138.0,271.0,0.0,2.0,182.0,0.0,0.0,1.0,0.0,3.0,0
127,54.0,1.0,4.0,110.0,239.0,0.0,0.0,126.0,1.0,2.8,2.0,1.0,7.0,3
205,45.0,1.0,4.0,142.0,309.0,0.0,2.0,147.0,1.0,0.0,2.0,3.0,7.0,3
234,54.0,0.0,3.0,160.0,201.0,0.0,0.0,163.0,0.0,0.0,1.0,1.0,3.0,0
267,59.0,1.0,3.0,126.0,218.0,1.0,0.0,134.0,0.0,2.2,2.0,1.0,6.0,2
170,70.0,1.0,3.0,160.0,269.0,0.0,0.0,112.0,1.0,2.9,2.0,1.0,7.0,3
17,54.0,1.0,4.0,140.0,239.0,0.0,0.0,160.0,0.0,1.2,1.0,0.0,3.0,0
124,65.0,1.0,1.0,138.0,282.0,1.0,2.0,174.0,0.0,1.4,2.0,1.0,3.0,1
177,56.0,1.0,4.0,132.0,184.0,0.0,2.0,105.0,1.0,2.1,2.0,1.0,6.0,1
55,54.0,1.0,4.0,124.0,266.0,0.0,2.0,109.0,1.0,2.2,2.0,1.0,7.0,1
7,57.0,0.0,4.0,120.0,354.0,0.0,0.0,163.0,1.0,0.6,1.0,0.0,3.0,0
102,57.0,0.0,4.0,128.0,303.0,0.0,2.0,159.0,0.0,0.0,1.0,1.0,3.0,0
84,52.0,1.0,2.0,120.0,325.0,0.0,0.0,172.0,0.0,0.2,1.0,0.0,3.0,0
120,48.0,1.0,4.0,130.0,256.0,1.0,2.0,150.0,1.0,0.0,1.0,2.0,7.0,3
138,35.0,1.0,4.0,120.0,198.0,0.0,0.0,130.0,1.0,1.6,2.0,0.0,7.0,1
20,64.0,1.0,1.0,110.0,211.0,0.0,2.0,144.0,1.0,1.8,2.0,0.0,3.0,0
131,51.0,1.0,3.0,94.0,227.0,0.0,0.0,154.0,1.0,0.0,1.0,1.0,7.0,0
203,64.0,0.0,3.0,140.0,313.0,0.0,0.0,133.0,0.0,0.2,1.0,0.0,7.0,0
256,67.0,0.0,4.0,106.0,223.0,0.0,0.0,142.0,0.0,0.3,1.0,2.0,3.0,0
8,63.0,1.0,4.0,130.0,254.0,0.0,2.0,147.0,0.0,1.4,2.0,1.0,7.0,2
252,64.0,1.0,4.0,128.0,263.0,0.0,0.0,105.0,1.0,0.2,2.0,1.0,7.0,0
195,67.0,1.0,4.0,100.0,299.0,0.0,2.0,125.0,1.0,0.9,2.0,2.0,3.0,3
27,66.0,0.0,1.0,150.0,226.0,0.0,0.0,114.0,0.0,2.6,3.0,0.0,3.0,0
72,62.0,1.0,4.0,120.0,267.0,0.0,0.0,99.0,1.0,1.8,2.0,2.0,7.0,1
214,52.0,1.0,4.0,112.0,230.0,0.0,0.0,160.0,0.0,0.0,1.0,1.0,3.0,1
41,40.0,1.0,1.0,140.0,199.0,0.0,0.0,178.0,1.0,1.4,1.0,0.0,7.0,0
43,59.0,1.0,3.0,150.0,212.0,1.0,0.0,157.0,0.0,1.6,1.0,0.0,3.0,0
208,55.0,1.0,2.0,130.0,262.0,0.0,0.0,155.0,0.0,0.0,1.0,0.0,3.0,0
215,56.0,1.0,1.0,120.0,193.0,0.0,2.0,162.0,0.0,1.9,2.0,0.0,7.0,0
272,46.0,1.0,4.0,140.0,311.0,0.0,0.0,120.0,1.0,1.8,2.0,2.0,7.0,2
244,60.0,0.0,3.0,120.0,178.0,1.0,0.0,96.0,0.0,0.0,1.0,0.0,3.0,0
289,56.0,1.0,2.0,120.0,240.0,0.0,0.0,169.0,0.0,0.0,3.0,0.0,3.0,0
1,67.0,1.0,4.0,160.0,286.0,0.0,2.0,108.0,1.0,1.5,2.0,3.0,3.0,2
145,47.0,1.0,3.0,108.0,243.0,0.0,0.0,152.0,0.0,0.0,1.0,0.0,3.0,1
173,62.0,0.0,4.0,140.0,394.0,0.0,2.0,157.0,0.0,1.2,2.0,0.0,3.0,0
237,46.0,1.0,4.0,120.0,249.0,0.0,2.0,144.0,0.0,0.8,1.0,0.0,7.0,1
148,45.0,1.0,2.0,128.0,308.0,0.0,2.0,170.0,0.0,0.0,1.0,0.0,3.0,0
299,68.0,1.0,4.0,144.0,193.0,1.0,0.0,141.0,0.0,3.4,2.0,2.0,7.0,2
70,65.0,0.0,3.0,155.0,269.0,0.0,0.0,148.0,0.0,0.8,1.0,0.0,3.0,0
269,42.0,1.0,3.0,130.0,180.0,0.0,0.0,150.0,0.0,0.0,1.0,0.0,3.0,0
6,62.0,0.0,4.0,140.0,268.0,0.0,2.0,160.0,0.0,3.6,3.0,2.0,3.0,3
182,42.0,1.0,1.0,148.0,244.0,0.0,2.0,178.0,0.0,0.8,1.0,2.0,3.0,0
274,59.0,1.0,1.0,134.0,204.0,0.0,0.0,162.0,0.0,0.8,1.0,2.0,3.0,1
264,61.0,1.0,4.0,138.0,166.0,0.0,2.0,125.0,1.0,3.6,2.0,1.0,3.0,4
281,47.0,1.0,3.0,130.0,253.0,0.0,0.0,179.0,0.0,0.0,1.0,0.0,3.0,0
13,44.0,1.0,2.0,120.0,263.0,0.0,0.0,173.0,0.0,0.0,1.0,0.0,7.0,0
149,60.0,0.0,3.0,102.0,318.0,0.0,0.0,160.0,0.0,0.0,1.0,1.0,3.0,0
